{
  "poses": [
    [
      6959130,
      41474,
      17.0,
      99
    ],
    [
      6959449.028517566,
      42317.69710499675,
      8,
      189
    ],
    [
      6959815,
      41903,
      13.8,
      293
    ],
    [
      6959869,
      41867,
      15.3,
      222
    ]
  ],
  "waypoints": [
    [
      [
        6959130,
        41474
      ],
      [
        6958995.466360065,
        42323.41197291182
      ],
      [
        6958685.062241553,
        42642.27602421125
      ],
      [
        6958254.876318625,
        43267.592801304614
      ],
      [
        6958062.589218776,
        43893.732299524716
      ],
      [
        6957699.1596078025,
        44483.78985423246
      ]
    ],
    [
      [
        6959449.028517566,
        42317.69710499675
      ],
      [
        6958610.4811164,
        42184.88424417759
      ],
      [
        6958610.4811164,
        42184.88424417759
      ],
      [
        6958440.767828705,
        42057.835434739995
      ],
      [
        6958440.767828705,
        42057.835434739995
      ],
      [
        6958440.767828705,
        42057.835434739995
      ]
    ],
    [
      [
        6959815,
        41903
      ],
      [
        6960052.564526121,
        41343.33304910092
      ],
      [
        6960436.0680128345,
        41054.67221753786
      ],
      [
        6961054.474646637,
        40387.08459387398
      ],
      [
        6961054.474646637,
        40387.08459387398
      ],
      [
        6961178.913294391,
        40203.239488023144
      ]
    ],
    [
      [
        6959869,
        41867
      ],
      [
        6959417.911090936,
        41460.837721940174
      ],
      [
        6959026.196953935,
        40923.45049202727
      ],
      [
        6958988.215866624,
        40690.526819965555
      ],
      [
        6958642.301775939,
        40106.245687406124
      ],
      [
        6958394.260077397,
        39646.9426112302
      ]
    ]
  ],
  "speed_plans": [
    [
      8.67,
      8.932228618433534,
      7.707732508609617,
      8.250991073241666,
      8.240591602503775,
      8.282928975152286
    ],
    [
      4.08,
      3.1765139805080587,
      3.8353764550207172,
      3.5951777470567947,
      3.856699160190259,
      3.206762955145435
    ],
    [
      7.038,
      6.070899889649461,
      6.041124302956381,
      6.133940045385924,
      7.444513681982366,
      7.919710898235615
    ],
    [
      7.803000000000001,
      8.579300064335204,
      8.677673709580727,
      8.66981544998392,
      7.651946241971494,
      7.948720033311932
    ]
  ]
}