{
  "poses": [
    [
      6958085,
      40852,
      3.5,
      1
    ],
    [
      6958680.001653475,
      41106.12995172205,
      1.4,
      -89
    ],
    [
      6959992,
      41771,
      11.6,
      327
    ],
    [
      6959801,
      41988,
      13.3,
      253
    ]
  ],
  "waypoints": [
    [
      [
        6958085,
        40852
      ],
      [
        6958415.949587096,
        40857.77674653074
      ],
      [
        6959012.6697973255,
        40979.45661628602
      ],
      [
        6959363.850573835,
        41260.83192119069
      ],
      [
        6959818.600089803,
        41390.95447006718
      ],
      [
        6960699.228014319,
        41608.07991436704
      ]
    ],
    [
      [
        6958680.001653475,
        41106.12995172205
      ],
      [
        6958686.895354018,
        40711.19011213527
      ],
      [
        6958930.915911512,
        40256.53643347441
      ],
      [
        6959299.435544671,
        39500.57725469752
      ],
      [
        6959299.435544671,
        39500.57725469752
      ],
      [
        6959299.435544671,
        39500.57725469752
      ]
    ],
    [
      [
        6959992,
        41771
      ],
      [
        6960193.280936307,
        41640.28663159639
      ],
      [
        6960598.132825577,
        41651.23869783282
      ],
      [
        6961088.792329686,
        41467.31139962129
      ],
      [
        6961627.159044325,
        41306.049871141186
      ],
      [
        6962298.429810151,
        41354.263551229276
      ]
    ],
    [
      [
        6959801,
        41988
      ],
      [
        6959597.509293513,
        41322.411889849725
      ],
      [
        6959682.857604748,
        40481.733196311325
      ],
      [
        6959765.684977234,
        39819.89588520914
      ],
      [
        6959710.311901755,
        39581.23540982213
      ],
      [
        6959710.311901755,
        39581.23540982213
      ]
    ]
  ],
  "speed_plans": [
    [
      1.7850000000000001,
      1.7836367716893302,
      1.1424658207172131,
      1.8520985879209255,
      2.181112897300137,
      2.7300725718038206
    ],
    [
      0.714,
      1.5491108432107856,
      0.7385267730506655,
      -0.2467568069220445,
      1.420265410781426,
      1.1851326168042275
    ],
    [
      5.9159999999999995,
      6.004499592923536,
      6.5042588969641875,
      5.673479652332655,
      6.014275584095639,
      5.338263863026927
    ],
    [
      6.783,
      6.9285583512652,
      6.820976840439157,
      6.373487145097362,
      7.695925727320227,
      6.835608504571143
    ]
  ]
}