{
  "poses": [
    [
      6959021,
      41561,
      9.6,
      62
    ],
    [
      6959388.596233661,
      42252.34796520854,
      9.0,
      230.04087106589142
    ],
    [
      6959809,
      41880,
      3.0,
      20
    ],
    [
      6960026,
      42025,
      16.6,
      26
    ]
  ],
  "waypoints": [
    [
      [
        6959021,
        41561
      ],
      [
        6959149.635208203,
        41802.92764044335
      ],
      [
        6959248.737699624,
        42311.359244687344
      ],
      [
        6959199.7935546525,
        43115.87181181915
      ],
      [
        6959257.35581666,
        44073.14271704534
      ],
      [
        6959414.137362771,
        44412.694696570354
      ]
    ],
    [
      [
        6959388.596233661,
        42252.34796520854
      ],
      [
        6959226.751501627,
        42059.18926695001
      ],
      [
        6958625.825489518,
        41315.66796397985
      ],
      [
        6958622.916250923,
        40734.67524773395
      ],
      [
        6958505.136679596,
        40527.86138799956
      ],
      [
        6958257.930996145,
        39618.876597109556
      ]
    ],
    [
      [
        6959809,
        41880
      ],
      [
        6960504.3725393815,
        42133.09490606099
      ],
      [
        6960901.813767236,
        42591.88622071494
      ],
      [
        6960901.813767236,
        42591.88622071494
      ],
      [
        6960901.813767236,
        42591.88622071494
      ],
      [
        6960901.813767236,
        42591.88622071494
      ]
    ],
    [
      [
        6960026,
        42025
      ],
      [
        6960846.598964271,
        42425.232857018425
      ],
      [
        6961133.5886611445,
        42569.03102769023
      ],
      [
        6961133.5886611445,
        42569.03102769023
      ],
      [
        6961133.5886611445,
        42569.03102769023
      ],
      [
        6961133.5886611445,
        42569.03102769023
      ]
    ]
  ],
  "speed_plans": [
    [
      4.896,
      4.984893458509586,
      4.3548027220081025,
      3.9811066101092294,
      4.463372606821013,
      4.943909029916142
    ],
    [
      4.59,
      5.37401056694674,
      3.594841527635935,
      5.542906560018774,
      4.4257681191613685,
      4.827233723216171
    ],
    [
      1.53,
      1.3622868672713089,
      0.5322794594050038,
      0.7311002364669805,
      2.4351506070610056,
      0.9877700713191806
    ],
    [
      8.466000000000001,
      8.642158303582695,
      7.911415862864831,
      7.474826349110391,
      9.13865698694332,
      7.935887476685021
    ]
  ]
}