{
  "poses": [
    [
      6958099,
      40364,
      13.8,
      286
    ],
    [
      6958374.637355817,
      39402.738304061684,
      13.1,
      468.95222328390247
    ],
    [
      6959222,
      41534,
      6.5,
      12
    ],
    [
      6959117,
      41337,
      16.5,
      62
    ]
  ],
  "waypoints": [
    [
      [
        6958099,
        40364
      ],
      [
        6958366.368235143,
        39431.57615493983
      ],
      [
        6958618.88686407,
        39253.48813724953
      ],
      [
        6958618.88686407,
        39253.48813724953
      ],
      [
        6958618.88686407,
        39253.48813724953
      ],
      [
        6958618.88686407,
        39253.48813724953
      ]
    ],
    [
      [
        6958374.637355817,
        39402.738304061684
      ],
      [
        6958239.853817545,
        39795.241040116925
      ],
      [
        6957879.051894864,
        40186.19624546603
      ],
      [
        6957611.814222752,
        40386.546006144585
      ],
      [
        6957230.882979163,
        41038.40211577123
      ],
      [
        6957022.636066843,
        41185.56944743537
      ]
    ],
    [
      [
        6959222,
        41534
      ],
      [
        6959693.467143553,
        41634.21343497416
      ],
      [
        6960093.765266718,
        41955.04113420023
      ],
      [
        6960876.628099122,
        42436.379669579896
      ],
      [
        6961140.919503111,
        42512.373444176075
      ],
      [
        6961140.919503111,
        42512.373444176075
      ]
    ],
    [
      [
        6959117,
        41337
      ],
      [
        6959501.4972099215,
        42060.13407855146
      ],
      [
        6959547.580310307,
        42625.258266548044
      ],
      [
        6959734.062721148,
        43553.71575639184
      ],
      [
        6959931.884937974,
        43950.09356925488
      ],
      [
        6959995.372443203,
        44264.7526493397
      ]
    ]
  ],
  "speed_plans": [
    [
      7.038,
      7.332426768752573,
      7.489678374522807,
      6.557568053591519,
      6.087134971863268,
      7.016979351434614
    ],
    [
      6.681,
      6.944252896450223,
      5.901807659897201,
      7.223526881558528,
      5.722091554855982,
      7.560551250719882
    ],
    [
      3.315,
      3.3556548227063945,
      2.3191876219478402,
      2.762740035262733,
      2.61047907775823,
      3.6597742917620573
    ],
    [
      8.415000000000001,
      8.107617033047568,
      7.948712337033654,
      8.864761095269705,
      8.901664379152189,
      7.779851519153886
    ]
  ]
}