{
  "poses": [
    [
      6957169,
      39357,
      8.0,
      356
    ],
    [
      6958166.56405026,
      39287.24352625587,
      4.5,
      542.0428730972635
    ],
    [
      6959052,
      41293,
      10.1,
      75
    ],
    [
      6959396,
      41513,
      4.9,
      236
    ]
  ],
  "waypoints": [
    [
      [
        6957169,
        39357
      ],
      [
        6957802.453171915,
        39312.70463917248
      ],
      [
        6958065.143273082,
        39484.72182072475
      ],
      [
        6958884.565885956,
        39873.560581022844
      ],
      [
        6959312.633944806,
        40012.332829663144
      ],
      [
        6959964.35053635,
        40418.64488253057
      ]
    ],
    [
      [
        6958166.56405026,
        39287.24352625587
      ],
      [
        6957685.869758106,
        39270.09717123288
      ],
      [
        6957425.970208138,
        39163.2644799513
      ],
      [
        6956994.0422412,
        39090.58551892095
      ],
      [
        6956598.733300553,
        38940.0536570291
      ],
      [
        6956073.813388398,
        38670.68571939877
      ]
    ],
    [
      [
        6959052,
        41293
      ],
      [
        6959224.632303083,
        41937.27252613481
      ],
      [
        6959183.251831902,
        42175.70838041194
      ],
      [
        6959257.335227774,
        42720.69613298628
      ],
      [
        6959252.677028787,
        42938.6463593734
      ],
      [
        6959231.997946595,
        43440.220257776906
      ]
    ],
    [
      [
        6959396,
        41513
      ],
      [
        6959123.67305601,
        41109.258702165695
      ],
      [
        6959072.286025777,
        40771.14130668909
      ],
      [
        6959034.777090249,
        40491.64697802479
      ],
      [
        6959005.163469969,
        39896.383142827355
      ],
      [
        6958972.335244001,
        39522.822829651865
      ]
    ]
  ],
  "speed_plans": [
    [
      4.08,
      3.5753451391888493,
      3.200060528744713,
      4.291069359122007,
      4.993745979537236,
      4.32070997939885
    ],
    [
      2.295,
      1.7900848221852668,
      2.1295801588258367,
      2.9136213763411423,
      3.2786462090479054,
      2.865060105913652
    ],
    [
      5.151,
      4.349676166082019,
      5.258020705547608,
      5.716897542699201,
      5.931191989634,
      4.211683751684079
    ],
    [
      2.499,
      2.5196800413602283,
      2.3538287692935667,
      2.1499155829749927,
      2.1683621387879266,
      2.5533741931849256
    ]
  ]
}