{
  "poses": [
    [
      6958746,
      41716,
      12.0,
      353
    ],
    [
      6959235.325252759,
      41655.91841370126,
      2.5,
      353.95694420833155
    ],
    [
      6959902,
      41908,
      18.2,
      281
    ],
    [
      6959029,
      41267,
      19.5,
      150
    ]
  ],
  "waypoints": [
    [
      [
        6958746,
        41716
      ],
      [
        6959270.064368066,
        41651.652986682086
      ],
      [
        6960119.039369273,
        41768.65917167232
      ],
      [
        6960722.971013711,
        41759.57243153437
      ],
      [
        6961030.226125816,
        41909.76662611441
      ],
      [
        6961750.625629806,
        42368.39562067404
      ]
    ],
    [
      [
        6959235.325252759,
        41655.91841370126
      ],
      [
        6959573.435894879,
        41620.124647683675
      ],
      [
        6959785.083783619,
        41607.91108178904
      ],
      [
        6960539.918031714,
        41957.83858557153
      ],
      [
        6960998.5317237945,
        41910.993292994885
      ],
      [
        6961581.496785256,
        41904.61072962975
      ]
    ],
    [
      [
        6959902,
        41908
      ],
      [
        6960053.311533334,
        41129.569643526
      ],
      [
        6960391.9373781625,
        40851.76298915289
      ],
      [
        6960990.659310713,
        40278.3756440867
      ],
      [
        6961496.680701842,
        39799.051795608066
      ],
      [
        6961654.584959971,
        39497.94343427479
      ]
    ],
    [
      [
        6959029,
        41267
      ],
      [
        6958401.9976076605,
        41629.0
      ],
      [
        6958401.9976076605,
        41629.0
      ],
      [
        6958401.9976076605,
        41629.0
      ],
      [
        6958401.9976076605,
        41629.0
      ],
      [
        6958401.9976076605,
        41629.0
      ]
    ]
  ],
  "speed_plans": [
    [
      6.12,
      6.160128778449342,
      6.640677270259862,
      5.889434373996076,
      5.652022146723413,
      5.732798287750962
    ],
    [
      1.275,
      0.7325600120334546,
      0.4176497002591908,
      0.7650896657524051,
      0.8491418986778707,
      1.3471574855796056
    ],
    [
      9.282,
      9.216542950009801,
      8.754447725130682,
      8.640489896774694,
      9.250300012868774,
      8.465017386968489
    ],
    [
      9.945,
      10.587784544066153,
      9.729543173347773,
      9.72450538269116,
      9.087838303735047,
      10.892746596725082
    ]
  ]
}