{
  "poses": [
    [
      6959093,
      41325,
      17.7,
      326
    ],
    [
      6958343.55003441,
      41830.51038473756,
      27.9,
      321.8716352460408
    ],
    [
      6959038,
      41195,
      15.0,
      333
    ],
    [
      6959918,
      42043,
      4.6,
      175
    ]
  ],
  "waypoints": [
    [
      [
        6959093,
        41325
      ],
      [
        6959773.639847068,
        40865.902626250514
      ],
      [
        6960236.843902273,
        40838.736411165744
      ],
      [
        6961165.561459507,
        40916.88817945376
      ],
      [
        6961964.754242503,
        40518.466423513695
      ],
      [
        6962175.640490379,
        40511.53890903814
      ]
    ],
    [
      [
        6958343.55003441,
        41830.51038473756
      ],
      [
        6958771.476458899,
        41494.6309789617
      ],
      [
        6959372.026011439,
        41344.626862538
      ],
      [
        6959542.597224057,
        41225.5913156366
      ],
      [
        6959981.2014824655,
        41009.38006591617
      ],
      [
        6960295.328875715,
        40819.609201950225
      ]
    ],
    [
      [
        6959038,
        41195
      ],
      [
        6959483.503262094,
        40968.004750130225
      ],
      [
        6960012.943894461,
        40788.6346946598
      ],
      [
        6960696.010958366,
        40640.24201893951
      ],
      [
        6961102.182896556,
        40725.38517266985
      ],
      [
        6961348.146075969,
        40747.99301143198
      ]
    ],
    [
      [
        6959918,
        42043
      ],
      [
        6959243.576189392,
        42102.004437840165
      ],
      [
        6958844.873576939,
        41902.123906464316
      ],
      [
        6958583.6223978875,
        41769.47089502404
      ],
      [
        6958583.6223978875,
        41769.47089502404
      ],
      [
        6958583.6223978875,
        41769.47089502404
      ]
    ]
  ],
  "speed_plans": [
    [
      9.027,
      9.03017406370127,
      9.22289800622655,
      8.340887566147888,
      8.52580798203546,
      8.180787658929095
    ],
    [
      14.229,
      14.124610769873943,
      14.45409530597171,
      13.470181261196407,
      14.74425721433119,
      14.786288287629858
    ],
    [
      7.65,
      6.877936256115901,
      7.2005453303583895,
      8.353608671080949,
      8.637310308906532,
      7.819324459866859
    ],
    [
      2.3459999999999996,
      2.9652302475257466,
      2.78919442222214,
      1.531239402466883,
      2.2349291643733746,
      2.7576336955697727
    ]
  ]
}