{
  "poses": [
    [
      6959120,
      41088,
      5.3,
      321
    ],
    [
      6959897.145961457,
      40458.67960895016,
      0.9,
      309.37287621727955
    ],
    [
      6959173,
      41394,
      2.8,
      48
    ],
    [
      6959165,
      41428,
      10.1,
      64
    ]
  ],
  "waypoints": [
    [
      [
        6959120,
        41088
      ],
      [
        6959705.968054938,
        40613.49242514842
      ],
      [
        6959967.2526988955,
        40418.54029042823
      ],
      [
        6960384.969770482,
        40100.51914631124
      ],
      [
        6961069.733146622,
        40024.22944387966
      ],
      [
        6961069.733146622,
        40024.22944387966
      ]
    ],
    [
      [
        6959897.145961457,
        40458.67960895016
      ],
      [
        6960047.490378897,
        40275.47055856065
      ],
      [
        6960656.4117359845,
        39662.518047445075
      ],
      [
        6961541.262228267,
        39396.40602910033
      ],
      [
        6961861.351602756,
        39297.57388686429
      ],
      [
        6962467.874778889,
        39159.683942292904
      ]
    ],
    [
      [
        6959173,
        41394
      ],
      [
        6959344.297435228,
        41584.245075322215
      ],
      [
        6959467.542662407,
        42207.17012215975
      ],
      [
        6959983.744626975,
        43053.11133275096
      ],
      [
        6960050.017449834,
        43483.033317476285
      ],
      [
        6960194.004442042,
        44002.445240784866
      ]
    ],
    [
      [
        6959165,
        41428
      ],
      [
        6959445.557533945,
        42003.22818963147
      ],
      [
        6959404.322456207,
        42549.67458989775
      ],
      [
        6959675.897981338,
        43401.427332276595
      ],
      [
        6960018.300136724,
        44131.08256866403
      ],
      [
        6960113.644247649,
        44441.78258558038
      ]
    ]
  ],
  "speed_plans": [
    [
      2.703,
      2.9343607175248403,
      1.8885553447680477,
      1.8498964554666126,
      2.8919643520416516,
      1.9995408403185635
    ],
    [
      0.459,
      -0.0724688772602709,
      0.23721972304525435,
      1.3831631861062503,
      -0.045358471318917515,
      1.1038093434658018
    ],
    [
      1.428,
      0.4320295024438008,
      1.601780076761964,
      0.6747585593794305,
      1.696358217922778,
      2.1043883269141324
    ],
    [
      5.151,
      4.156308199732702,
      5.030456892722887,
      5.392731624570677,
      4.576546373405801,
      4.834711357617565
    ]
  ]
}