{
  "poses": [
    [
      6958929,
      40637,
      14.2,
      217
    ],
    [
      6959727.635510047,
      41238.81502315205,
      25.3,
      209.301484630541
    ],
    [
      6959310,
      41497,
      6.0,
      152
    ],
    [
      6960067,
      41460,
      14.0,
      306
    ]
  ],
  "waypoints": [
    [
      [
        6958929,
        40637
      ],
      [
        6958602.358076391,
        40390.85765553081
      ],
      [
        6958404.261975181,
        40236.71832023503
      ],
      [
        6958176.130136468,
        39493.96340495979
      ],
      [
        6957989.994022888,
        39295.62695540697
      ],
      [
        6957612.806602134,
        38602.625765202465
      ]
    ],
    [
      [
        6959727.635510047,
        41238.81502315205
      ],
      [
        6959073.593066487,
        40871.76123687142
      ],
      [
        6958688.241353941,
        40391.17819759788
      ],
      [
        6958478.312330073,
        39992.015567911985
      ],
      [
        6958262.176798691,
        39862.44152701518
      ],
      [
        6957991.939161854,
        39603.89246080751
      ]
    ],
    [
      [
        6959310,
        41497
      ],
      [
        6958646.02341017,
        41850.04261521499
      ],
      [
        6958646.02341017,
        41850.04261521499
      ],
      [
        6958646.02341017,
        41850.04261521499
      ],
      [
        6958646.02341017,
        41850.04261521499
      ],
      [
        6958646.02341017,
        41850.04261521499
      ]
    ],
    [
      [
        6960067,
        41460
      ],
      [
        6960496.671019426,
        40868.60857711191
      ],
      [
        6961179.048207085,
        40253.04186767831
      ],
      [
        6961581.93442621,
        40137.96061621083
      ],
      [
        6962063.8691948475,
        39707.78056230481
      ],
      [
        6962745.016196433,
        39413.497089730925
      ]
    ]
  ],
  "speed_plans": [
    [
      7.242,
      7.547635032622872,
      7.09364328765993,
      6.500533762963261,
      7.113057831880743,
      7.826799811944522
    ],
    [
      12.903,
      13.215359149279587,
      13.791285743961572,
      12.658330941651514,
      11.976001304305752,
      13.414463358329192
    ],
    [
      3.06,
      2.5114313582656287,
      2.4333331119287065,
      2.4252885296047397,
      2.721576262025313,
      3.4028852882366953
    ],
    [
      7.140000000000001,
      6.434868369426523,
      6.333350390548349,
      7.235217045158714,
      6.492253121031558,
      7.974918419278286
    ]
  ]
}