{
  "poses": [
    [
      6958599,
      41456,
      5.0,
      338
    ],
    [
      6958967.091990263,
      41307.281182413884,
      0.7,
      330.74201399745874
    ],
    [
      6959945,
      42007,
      13.8,
      7
    ],
    [
      6959068,
      41286,
      17.4,
      105
    ]
  ],
  "waypoints": [
    [
      [
        6958599,
        41456
      ],
      [
        6958787.218322477,
        41379.95486153657
      ],
      [
        6959145.17121595,
        41341.617855203636
      ],
      [
        6959341.9118700735,
        41284.01477355916
      ],
      [
        6960272.272512036,
        41431.639554294256
      ],
      [
        6961227.275426939,
        41529.46303065465
      ]
    ],
    [
      [
        6958967.091990263,
        41307.281182413884
      ],
      [
        6959172.112545253,
        41192.42661336366
      ],
      [
        6959740.652617051,
        41233.19653805741
      ],
      [
        6960424.125687834,
        41086.68523639328
      ],
      [
        6961107.22179451,
        40834.96374536871
      ],
      [
        6961784.731579771,
        40860.74146590003
      ]
    ],
    [
      [
        6959945,
        42007
      ],
      [
        6960213.980007095,
        42040.02659206279
      ],
      [
        6960728.616227909,
        42332.624541861805
      ],
      [
        6961167.144186981,
        42727.331051958005
      ],
      [
        6961167.144186981,
        42727.331051958005
      ],
      [
        6961167.144186981,
        42727.331051958005
      ]
    ],
    [
      [
        6959068,
        41286
      ],
      [
        6958876.473906624,
        42000.78511145391
      ],
      [
        6958788.719837101,
        42312.67487287946
      ],
      [
        6958323.670769873,
        42966.07625416825
      ],
      [
        6957831.582022221,
        43359.4573218805
      ],
      [
        6957641.969164967,
        43828.587329835595
      ]
    ]
  ],
  "speed_plans": [
    [
      2.55,
      1.9351138202377147,
      3.204946738419829,
      2.863226620446468,
      3.193981217774434,
      2.4006824837371115
    ],
    [
      0.357,
      -0.31847424867273677,
      0.418650911736111,
      0.5369678374961402,
      -0.5131074348700946,
      0.9919806472998851
    ],
    [
      7.038,
      6.906660265622597,
      6.744947716599256,
      6.728769520687887,
      7.70331282216301,
      7.856831628725747
    ],
    [
      8.873999999999999,
      9.056060110879324,
      9.252983616153392,
      8.760245039737509,
      9.139382112052171,
      8.933594870787696
    ]
  ]
}