{
  "poses": [
    [
      6960041,
      41793,
      17.1,
      169
    ],
    [
      6959059.372816552,
      41983.808995376545,
      6.7,
      176.07749866174998
    ],
    [
      6959402,
      41566,
      10.0,
      340
    ],
    [
      6959388,
      41398,
      5.0,
      141
    ]
  ],
  "waypoints": [
    [
      [
        6960041,
        41793
      ],
      [
        6959827.005274008,
        41834.59636099209
      ],
      [
        6959104.013926738,
        41831.059162574646
      ],
      [
        6958637.84131963,
        41734.83494326406
      ],
      [
        6958637.84131963,
        41734.83494326406
      ],
      [
        6958637.84131963,
        41734.83494326406
      ]
    ],
    [
      [
        6959059.372816552,
        41983.808995376545
      ],
      [
        6958598.455055817,
        42015.413074843374
      ],
      [
        6958598.455055817,
        42015.413074843374
      ],
      [
        6958598.455055817,
        42015.413074843374
      ],
      [
        6958598.455055817,
        42015.413074843374
      ],
      [
        6958598.455055817,
        42015.413074843374
      ]
    ],
    [
      [
        6959402,
        41566
      ],
      [
        6959781.635818797,
        41427.82386209643
      ],
      [
        6960069.439551719,
        41505.10912146689
      ],
      [
        6960684.616919941,
        41400.549063949395
      ],
      [
        6960979.747673298,
        41481.38122600718
      ],
      [
        6961494.852046378,
        41656.31974330515
      ]
    ],
    [
      [
        6959388,
        41398
      ],
      [
        6959081.027345224,
        41646.58155446468
      ],
      [
        6958499.214943645,
        41920.33934771999
      ],
      [
        6958499.214943645,
        41920.33934771999
      ],
      [
        6958499.214943645,
        41920.33934771999
      ],
      [
        6958499.214943645,
        41920.33934771999
      ]
    ]
  ],
  "speed_plans": [
    [
      8.721,
      9.074342303829853,
      9.387849636501402,
      9.204220294214927,
      9.606884275952552,
      9.217420656430972
    ],
    [
      3.4170000000000003,
      2.977678699532531,
      2.776562302518489,
      2.757718235274152,
      4.4100677412576665,
      2.855025754128083
    ],
    [
      5.1,
      5.103677015524897,
      5.89313117581303,
      5.332604509926154,
      4.113565088863246,
      4.877958203903469
    ],
    [
      2.55,
      3.4582600436079014,
      2.3941086675045993,
      2.6733206727958914,
      2.4837960931529666,
      2.7061592455148378
    ]
  ]
}