{
  "poses": [
    [
      6959277,
      41434,
      19.9,
      241
    ],
    [
      6958792.190379754,
      40559.3802928606,
      8.2,
      230.99220874202717
    ]
  ],
  "waypoints": [
    [
      [
        6959277,
        41434
      ],
      [
        6958966.237033422,
        40873.368767723645
      ],
      [
        6959034.0246887375,
        40307.413969363486
      ],
      [
        6958899.493699623,
        39846.652194724935
      ],
      [
        6958719.022721197,
        39439.89031604632
      ],
      [
        6958568.087015389,
        39051.16494677887
      ]
    ],
    [
      [
        6958792.190379754,
        40559.3802928606
      ],
      [
        6958332.709353069,
        39992.12621740862
      ],
      [
        6958085.915499913,
        39439.751531127564
      ],
      [
        6957949.563043542,
        38959.74214825905
      ],
      [
        6957676.961510129,
        38211.87557995905
      ],
      [
        6957686.932026595,
        37278.9288565062
      ]
    ]
  ],
  "speed_plans": [
    [
      19.9,
      19.048519830905533,
      19.940801442009,
      20.512310747230828,
      19.93091542936325,
      19.828998413272295
    ],
    [
      8.2,
      8.290534199081494,
      9.006513754213579,
      8.11208989585779,
      8.72135448953502,
      8.893722871627036
    ]
  ]
}