{
  "poses": [
    [
      6959810,
      41140,
      18.0,
      190
    ],
    [
      6960548.60581476,
      41270.2361332502,
      32.6,
      183.4432895068601
    ],
    [
      6959171,
      41361,
      12.8,
      265
    ],
    [
      6959982,
      42079,
      16.6,
      141
    ]
  ],
  "waypoints": [
    [
      [
        6959810,
        41140
      ],
      [
        6959149.193997729,
        41023.48207278549
      ],
      [
        6958692.106052847,
        40771.381674842014
      ],
      [
        6958478.997454754,
        40563.082069900105
      ],
      [
        6957896.812499352,
        40161.94658442954
      ],
      [
        6957287.434918436,
        39953.632005300155
      ]
    ],
    [
      [
        6960548.60581476,
        41270.2361332502
      ],
      [
        6959588.34248026,
        41212.45786383773
      ],
      [
        6958916.500083602,
        41158.57100038676
      ],
      [
        6958331.611651783,
        40618.643669790785
      ],
      [
        6957998.927388194,
        40365.572176413116
      ],
      [
        6957794.202634093,
        40290.66039457291
      ]
    ],
    [
      [
        6959171,
        41361
      ],
      [
        6959142.064293408,
        41030.26336023354
      ],
      [
        6959155.717132947,
        40246.38224681614
      ],
      [
        6959155.717132947,
        40246.38224681614
      ],
      [
        6959163.84548176,
        39872.47058619884
      ],
      [
        6959432.592285253,
        39423.80126965008
      ]
    ],
    [
      [
        6959982,
        42079
      ],
      [
        6959608.1927925395,
        42381.703108094975
      ],
      [
        6958945.228931125,
        42633.01947934542
      ],
      [
        6958275.574309722,
        43038.792430677604
      ],
      [
        6957649.8747364385,
        43426.34377436374
      ],
      [
        6957331.985726902,
        43463.039518203004
      ]
    ]
  ],
  "speed_plans": [
    [
      9.18,
      9.53470663525138,
      9.105832448203795,
      8.467226638212567,
      8.783633982440351,
      8.526103776683225
    ],
    [
      16.626,
      17.446801022971865,
      16.413461225719473,
      17.136039575309972,
      15.948796990011267,
      16.611214589791345
    ],
    [
      6.5280000000000005,
      6.564295816508443,
      5.543747617650607,
      7.390262253429572,
      6.644047683481409,
      7.244919011189374
    ],
    [
      8.466000000000001,
      9.24815777066602,
      9.050945371963817,
      7.8624294782587505,
      7.651198472897663,
      8.29864822369133
    ]
  ]
}